--
-- PostgreSQL database dump
--

-- Dumped from database version 17.0 (Postgres.app)
-- Dumped by pg_dump version 17.0 (Postgres.app)

SET statement_timeout = 0;
SET lock_timeout = 0;
SET idle_in_transaction_session_timeout = 0;
SET transaction_timeout = 0;
SET client_encoding = 'UTF8';
SET standard_conforming_strings = on;
SELECT pg_catalog.set_config('search_path', '', false);
SET check_function_bodies = false;
SET xmloption = content;
SET client_min_messages = warning;
SET row_security = off;

SET default_tablespace = '';

SET default_table_access_method = heap;

--
-- Name: auth_group; Type: TABLE; Schema: public; Owner: mohamedali
--

CREATE TABLE public.auth_group (
    id integer NOT NULL,
    name character varying(150) NOT NULL
);


ALTER TABLE public.auth_group OWNER TO mohamedali;

--
-- Name: auth_group_id_seq; Type: SEQUENCE; Schema: public; Owner: mohamedali
--

ALTER TABLE public.auth_group ALTER COLUMN id ADD GENERATED BY DEFAULT AS IDENTITY (
    SEQUENCE NAME public.auth_group_id_seq
    START WITH 1
    INCREMENT BY 1
    NO MINVALUE
    NO MAXVALUE
    CACHE 1
);


--
-- Name: auth_group_permissions; Type: TABLE; Schema: public; Owner: mohamedali
--

CREATE TABLE public.auth_group_permissions (
    id bigint NOT NULL,
    group_id integer NOT NULL,
    permission_id integer NOT NULL
);


ALTER TABLE public.auth_group_permissions OWNER TO mohamedali;

--
-- Name: auth_group_permissions_id_seq; Type: SEQUENCE; Schema: public; Owner: mohamedali
--

ALTER TABLE public.auth_group_permissions ALTER COLUMN id ADD GENERATED BY DEFAULT AS IDENTITY (
    SEQUENCE NAME public.auth_group_permissions_id_seq
    START WITH 1
    INCREMENT BY 1
    NO MINVALUE
    NO MAXVALUE
    CACHE 1
);


--
-- Name: auth_permission; Type: TABLE; Schema: public; Owner: mohamedali
--

CREATE TABLE public.auth_permission (
    id integer NOT NULL,
    name character varying(255) NOT NULL,
    content_type_id integer NOT NULL,
    codename character varying(100) NOT NULL
);


ALTER TABLE public.auth_permission OWNER TO mohamedali;

--
-- Name: auth_permission_id_seq; Type: SEQUENCE; Schema: public; Owner: mohamedali
--

ALTER TABLE public.auth_permission ALTER COLUMN id ADD GENERATED BY DEFAULT AS IDENTITY (
    SEQUENCE NAME public.auth_permission_id_seq
    START WITH 1
    INCREMENT BY 1
    NO MINVALUE
    NO MAXVALUE
    CACHE 1
);


--
-- Name: auth_user; Type: TABLE; Schema: public; Owner: mohamedali
--

CREATE TABLE public.auth_user (
    id integer NOT NULL,
    password character varying(128) NOT NULL,
    last_login timestamp with time zone,
    is_superuser boolean NOT NULL,
    username character varying(150) NOT NULL,
    first_name character varying(150) NOT NULL,
    last_name character varying(150) NOT NULL,
    email character varying(254) NOT NULL,
    is_staff boolean NOT NULL,
    is_active boolean NOT NULL,
    date_joined timestamp with time zone NOT NULL
);


ALTER TABLE public.auth_user OWNER TO mohamedali;

--
-- Name: auth_user_groups; Type: TABLE; Schema: public; Owner: mohamedali
--

CREATE TABLE public.auth_user_groups (
    id bigint NOT NULL,
    user_id integer NOT NULL,
    group_id integer NOT NULL
);


ALTER TABLE public.auth_user_groups OWNER TO mohamedali;

--
-- Name: auth_user_groups_id_seq; Type: SEQUENCE; Schema: public; Owner: mohamedali
--

ALTER TABLE public.auth_user_groups ALTER COLUMN id ADD GENERATED BY DEFAULT AS IDENTITY (
    SEQUENCE NAME public.auth_user_groups_id_seq
    START WITH 1
    INCREMENT BY 1
    NO MINVALUE
    NO MAXVALUE
    CACHE 1
);


--
-- Name: auth_user_id_seq; Type: SEQUENCE; Schema: public; Owner: mohamedali
--

ALTER TABLE public.auth_user ALTER COLUMN id ADD GENERATED BY DEFAULT AS IDENTITY (
    SEQUENCE NAME public.auth_user_id_seq
    START WITH 1
    INCREMENT BY 1
    NO MINVALUE
    NO MAXVALUE
    CACHE 1
);


--
-- Name: auth_user_user_permissions; Type: TABLE; Schema: public; Owner: mohamedali
--

CREATE TABLE public.auth_user_user_permissions (
    id bigint NOT NULL,
    user_id integer NOT NULL,
    permission_id integer NOT NULL
);


ALTER TABLE public.auth_user_user_permissions OWNER TO mohamedali;

--
-- Name: auth_user_user_permissions_id_seq; Type: SEQUENCE; Schema: public; Owner: mohamedali
--

ALTER TABLE public.auth_user_user_permissions ALTER COLUMN id ADD GENERATED BY DEFAULT AS IDENTITY (
    SEQUENCE NAME public.auth_user_user_permissions_id_seq
    START WITH 1
    INCREMENT BY 1
    NO MINVALUE
    NO MAXVALUE
    CACHE 1
);


--
-- Name: django_admin_log; Type: TABLE; Schema: public; Owner: mohamedali
--

CREATE TABLE public.django_admin_log (
    id integer NOT NULL,
    action_time timestamp with time zone NOT NULL,
    object_id text,
    object_repr character varying(200) NOT NULL,
    action_flag smallint NOT NULL,
    change_message text NOT NULL,
    content_type_id integer,
    user_id integer NOT NULL,
    CONSTRAINT django_admin_log_action_flag_check CHECK ((action_flag >= 0))
);


ALTER TABLE public.django_admin_log OWNER TO mohamedali;

--
-- Name: django_admin_log_id_seq; Type: SEQUENCE; Schema: public; Owner: mohamedali
--

ALTER TABLE public.django_admin_log ALTER COLUMN id ADD GENERATED BY DEFAULT AS IDENTITY (
    SEQUENCE NAME public.django_admin_log_id_seq
    START WITH 1
    INCREMENT BY 1
    NO MINVALUE
    NO MAXVALUE
    CACHE 1
);


--
-- Name: django_content_type; Type: TABLE; Schema: public; Owner: mohamedali
--

CREATE TABLE public.django_content_type (
    id integer NOT NULL,
    app_label character varying(100) NOT NULL,
    model character varying(100) NOT NULL
);


ALTER TABLE public.django_content_type OWNER TO mohamedali;

--
-- Name: django_content_type_id_seq; Type: SEQUENCE; Schema: public; Owner: mohamedali
--

ALTER TABLE public.django_content_type ALTER COLUMN id ADD GENERATED BY DEFAULT AS IDENTITY (
    SEQUENCE NAME public.django_content_type_id_seq
    START WITH 1
    INCREMENT BY 1
    NO MINVALUE
    NO MAXVALUE
    CACHE 1
);


--
-- Name: django_migrations; Type: TABLE; Schema: public; Owner: mohamedali
--

CREATE TABLE public.django_migrations (
    id bigint NOT NULL,
    app character varying(255) NOT NULL,
    name character varying(255) NOT NULL,
    applied timestamp with time zone NOT NULL
);


ALTER TABLE public.django_migrations OWNER TO mohamedali;

--
-- Name: django_migrations_id_seq; Type: SEQUENCE; Schema: public; Owner: mohamedali
--

ALTER TABLE public.django_migrations ALTER COLUMN id ADD GENERATED BY DEFAULT AS IDENTITY (
    SEQUENCE NAME public.django_migrations_id_seq
    START WITH 1
    INCREMENT BY 1
    NO MINVALUE
    NO MAXVALUE
    CACHE 1
);


--
-- Name: django_session; Type: TABLE; Schema: public; Owner: mohamedali
--

CREATE TABLE public.django_session (
    session_key character varying(40) NOT NULL,
    session_data text NOT NULL,
    expire_date timestamp with time zone NOT NULL
);


ALTER TABLE public.django_session OWNER TO mohamedali;

--
-- Name: recipes_category; Type: TABLE; Schema: public; Owner: mohamedali
--

CREATE TABLE public.recipes_category (
    id bigint NOT NULL,
    name character varying(200) NOT NULL
);


ALTER TABLE public.recipes_category OWNER TO mohamedali;

--
-- Name: recipes_category_id_seq; Type: SEQUENCE; Schema: public; Owner: mohamedali
--

ALTER TABLE public.recipes_category ALTER COLUMN id ADD GENERATED BY DEFAULT AS IDENTITY (
    SEQUENCE NAME public.recipes_category_id_seq
    START WITH 1
    INCREMENT BY 1
    NO MINVALUE
    NO MAXVALUE
    CACHE 1
);


--
-- Name: recipes_rating; Type: TABLE; Schema: public; Owner: mohamedali
--

CREATE TABLE public.recipes_rating (
    id bigint NOT NULL,
    rating integer NOT NULL,
    recipe_id bigint NOT NULL,
    user_id integer NOT NULL,
    CONSTRAINT recipes_rating_rating_check CHECK ((rating >= 0))
);


ALTER TABLE public.recipes_rating OWNER TO mohamedali;

--
-- Name: recipes_rating_id_seq; Type: SEQUENCE; Schema: public; Owner: mohamedali
--

ALTER TABLE public.recipes_rating ALTER COLUMN id ADD GENERATED BY DEFAULT AS IDENTITY (
    SEQUENCE NAME public.recipes_rating_id_seq
    START WITH 1
    INCREMENT BY 1
    NO MINVALUE
    NO MAXVALUE
    CACHE 1
);


--
-- Name: recipes_recipe; Type: TABLE; Schema: public; Owner: mohamedali
--

CREATE TABLE public.recipes_recipe (
    id bigint NOT NULL,
    title character varying(200) NOT NULL,
    description text NOT NULL,
    ingredients text NOT NULL,
    instructions text NOT NULL,
    category_id bigint NOT NULL,
    creator_id integer NOT NULL
);


ALTER TABLE public.recipes_recipe OWNER TO mohamedali;

--
-- Name: recipes_recipe_favorites; Type: TABLE; Schema: public; Owner: mohamedali
--

CREATE TABLE public.recipes_recipe_favorites (
    id bigint NOT NULL,
    recipe_id bigint NOT NULL,
    user_id integer NOT NULL
);


ALTER TABLE public.recipes_recipe_favorites OWNER TO mohamedali;

--
-- Name: recipes_recipe_favorites_id_seq; Type: SEQUENCE; Schema: public; Owner: mohamedali
--

ALTER TABLE public.recipes_recipe_favorites ALTER COLUMN id ADD GENERATED BY DEFAULT AS IDENTITY (
    SEQUENCE NAME public.recipes_recipe_favorites_id_seq
    START WITH 1
    INCREMENT BY 1
    NO MINVALUE
    NO MAXVALUE
    CACHE 1
);


--
-- Name: recipes_recipe_id_seq; Type: SEQUENCE; Schema: public; Owner: mohamedali
--

ALTER TABLE public.recipes_recipe ALTER COLUMN id ADD GENERATED BY DEFAULT AS IDENTITY (
    SEQUENCE NAME public.recipes_recipe_id_seq
    START WITH 1
    INCREMENT BY 1
    NO MINVALUE
    NO MAXVALUE
    CACHE 1
);


--
-- Name: users_profile; Type: TABLE; Schema: public; Owner: mohamedali
--

CREATE TABLE public.users_profile (
    id bigint NOT NULL,
    agree_to_privacy_policy boolean NOT NULL,
    user_id integer NOT NULL
);


ALTER TABLE public.users_profile OWNER TO mohamedali;

--
-- Name: users_profile_id_seq; Type: SEQUENCE; Schema: public; Owner: mohamedali
--

ALTER TABLE public.users_profile ALTER COLUMN id ADD GENERATED BY DEFAULT AS IDENTITY (
    SEQUENCE NAME public.users_profile_id_seq
    START WITH 1
    INCREMENT BY 1
    NO MINVALUE
    NO MAXVALUE
    CACHE 1
);


--
-- Data for Name: auth_group; Type: TABLE DATA; Schema: public; Owner: mohamedali
--

COPY public.auth_group (id, name) FROM stdin;
\.


--
-- Data for Name: auth_group_permissions; Type: TABLE DATA; Schema: public; Owner: mohamedali
--

COPY public.auth_group_permissions (id, group_id, permission_id) FROM stdin;
\.


--
-- Data for Name: auth_permission; Type: TABLE DATA; Schema: public; Owner: mohamedali
--

COPY public.auth_permission (id, name, content_type_id, codename) FROM stdin;
1	Can add log entry	1	add_logentry
2	Can change log entry	1	change_logentry
3	Can delete log entry	1	delete_logentry
4	Can view log entry	1	view_logentry
5	Can add permission	2	add_permission
6	Can change permission	2	change_permission
7	Can delete permission	2	delete_permission
8	Can view permission	2	view_permission
9	Can add group	3	add_group
10	Can change group	3	change_group
11	Can delete group	3	delete_group
12	Can view group	3	view_group
13	Can add user	4	add_user
14	Can change user	4	change_user
15	Can delete user	4	delete_user
16	Can view user	4	view_user
17	Can add content type	5	add_contenttype
18	Can change content type	5	change_contenttype
19	Can delete content type	5	delete_contenttype
20	Can view content type	5	view_contenttype
21	Can add session	6	add_session
22	Can change session	6	change_session
23	Can delete session	6	delete_session
24	Can view session	6	view_session
25	Can add profile	7	add_profile
26	Can change profile	7	change_profile
27	Can delete profile	7	delete_profile
28	Can view profile	7	view_profile
\.


--
-- Data for Name: auth_user; Type: TABLE DATA; Schema: public; Owner: mohamedali
--

COPY public.auth_user (id, password, last_login, is_superuser, username, first_name, last_name, email, is_staff, is_active, date_joined) FROM stdin;
\.


--
-- Data for Name: auth_user_groups; Type: TABLE DATA; Schema: public; Owner: mohamedali
--

COPY public.auth_user_groups (id, user_id, group_id) FROM stdin;
\.


--
-- Data for Name: auth_user_user_permissions; Type: TABLE DATA; Schema: public; Owner: mohamedali
--

COPY public.auth_user_user_permissions (id, user_id, permission_id) FROM stdin;
\.


--
-- Data for Name: django_admin_log; Type: TABLE DATA; Schema: public; Owner: mohamedali
--

COPY public.django_admin_log (id, action_time, object_id, object_repr, action_flag, change_message, content_type_id, user_id) FROM stdin;
\.


--
-- Data for Name: django_content_type; Type: TABLE DATA; Schema: public; Owner: mohamedali
--

COPY public.django_content_type (id, app_label, model) FROM stdin;
1	admin	logentry
2	auth	permission
3	auth	group
4	auth	user
5	contenttypes	contenttype
6	sessions	session
7	users	profile
8	recipes	category
9	recipes	recipe
10	recipes	rating
\.


--
-- Data for Name: django_migrations; Type: TABLE DATA; Schema: public; Owner: mohamedali
--

COPY public.django_migrations (id, app, name, applied) FROM stdin;
1	contenttypes	0001_initial	2024-11-01 15:51:54.96769+00
2	auth	0001_initial	2024-11-01 15:51:54.997449+00
3	admin	0001_initial	2024-11-01 15:51:55.007745+00
4	admin	0002_logentry_remove_auto_add	2024-11-01 15:51:55.013003+00
5	admin	0003_logentry_add_action_flag_choices	2024-11-01 15:51:55.017475+00
6	contenttypes	0002_remove_content_type_name	2024-11-01 15:51:55.027322+00
7	auth	0002_alter_permission_name_max_length	2024-11-01 15:51:55.032167+00
8	auth	0003_alter_user_email_max_length	2024-11-01 15:51:55.036935+00
9	auth	0004_alter_user_username_opts	2024-11-01 15:51:55.041642+00
10	auth	0005_alter_user_last_login_null	2024-11-01 15:51:55.047717+00
11	auth	0006_require_contenttypes_0002	2024-11-01 15:51:55.048929+00
12	auth	0007_alter_validators_add_error_messages	2024-11-01 15:51:55.053231+00
13	auth	0008_alter_user_username_max_length	2024-11-01 15:51:55.059074+00
14	auth	0009_alter_user_last_name_max_length	2024-11-01 15:51:55.064149+00
15	auth	0010_alter_group_name_max_length	2024-11-01 15:51:55.069127+00
16	auth	0011_update_proxy_permissions	2024-11-01 15:51:55.073737+00
17	auth	0012_alter_user_first_name_max_length	2024-11-01 15:51:55.078618+00
18	recipes	0001_initial	2024-11-01 15:51:55.085627+00
19	recipes	0002_recipe_favorites	2024-11-01 15:51:55.098079+00
20	recipes	0003_recipe_creator	2024-11-01 15:51:55.106273+00
21	recipes	0004_rating	2024-11-01 15:51:55.118456+00
22	sessions	0001_initial	2024-11-01 15:51:55.122801+00
23	users	0001_initial	2024-11-01 15:51:55.13278+00
\.


--
-- Data for Name: django_session; Type: TABLE DATA; Schema: public; Owner: mohamedali
--

COPY public.django_session (session_key, session_data, expire_date) FROM stdin;
\.


--
-- Data for Name: recipes_category; Type: TABLE DATA; Schema: public; Owner: mohamedali
--

COPY public.recipes_category (id, name) FROM stdin;
\.


--
-- Data for Name: recipes_rating; Type: TABLE DATA; Schema: public; Owner: mohamedali
--

COPY public.recipes_rating (id, rating, recipe_id, user_id) FROM stdin;
\.


--
-- Data for Name: recipes_recipe; Type: TABLE DATA; Schema: public; Owner: mohamedali
--

COPY public.recipes_recipe (id, title, description, ingredients, instructions, category_id, creator_id) FROM stdin;
\.


--
-- Data for Name: recipes_recipe_favorites; Type: TABLE DATA; Schema: public; Owner: mohamedali
--

COPY public.recipes_recipe_favorites (id, recipe_id, user_id) FROM stdin;
\.


--
-- Data for Name: users_profile; Type: TABLE DATA; Schema: public; Owner: mohamedali
--

COPY public.users_profile (id, agree_to_privacy_policy, user_id) FROM stdin;
\.


--
-- Name: auth_group_id_seq; Type: SEQUENCE SET; Schema: public; Owner: mohamedali
--

SELECT pg_catalog.setval('public.auth_group_id_seq', 1, false);


--
-- Name: auth_group_permissions_id_seq; Type: SEQUENCE SET; Schema: public; Owner: mohamedali
--

SELECT pg_catalog.setval('public.auth_group_permissions_id_seq', 1, false);


--
-- Name: auth_permission_id_seq; Type: SEQUENCE SET; Schema: public; Owner: mohamedali
--

SELECT pg_catalog.setval('public.auth_permission_id_seq', 52, true);


--
-- Name: auth_user_groups_id_seq; Type: SEQUENCE SET; Schema: public; Owner: mohamedali
--

SELECT pg_catalog.setval('public.auth_user_groups_id_seq', 1, false);


--
-- Name: auth_user_id_seq; Type: SEQUENCE SET; Schema: public; Owner: mohamedali
--

SELECT pg_catalog.setval('public.auth_user_id_seq', 1, false);


--
-- Name: auth_user_user_permissions_id_seq; Type: SEQUENCE SET; Schema: public; Owner: mohamedali
--

SELECT pg_catalog.setval('public.auth_user_user_permissions_id_seq', 120, true);


--
-- Name: django_admin_log_id_seq; Type: SEQUENCE SET; Schema: public; Owner: mohamedali
--

SELECT pg_catalog.setval('public.django_admin_log_id_seq', 1, false);


--
-- Name: django_content_type_id_seq; Type: SEQUENCE SET; Schema: public; Owner: mohamedali
--

SELECT pg_catalog.setval('public.django_content_type_id_seq', 10, true);


--
-- Name: django_migrations_id_seq; Type: SEQUENCE SET; Schema: public; Owner: mohamedali
--

SELECT pg_catalog.setval('public.django_migrations_id_seq', 23, true);


--
-- Name: recipes_category_id_seq; Type: SEQUENCE SET; Schema: public; Owner: mohamedali
--

SELECT pg_catalog.setval('public.recipes_category_id_seq', 1, false);


--
-- Name: recipes_rating_id_seq; Type: SEQUENCE SET; Schema: public; Owner: mohamedali
--

SELECT pg_catalog.setval('public.recipes_rating_id_seq', 1, false);


--
-- Name: recipes_recipe_favorites_id_seq; Type: SEQUENCE SET; Schema: public; Owner: mohamedali
--

SELECT pg_catalog.setval('public.recipes_recipe_favorites_id_seq', 1, false);


--
-- Name: recipes_recipe_id_seq; Type: SEQUENCE SET; Schema: public; Owner: mohamedali
--

SELECT pg_catalog.setval('public.recipes_recipe_id_seq', 1, false);


--
-- Name: users_profile_id_seq; Type: SEQUENCE SET; Schema: public; Owner: mohamedali
--

SELECT pg_catalog.setval('public.users_profile_id_seq', 24, true);


--
-- Name: auth_group auth_group_name_key; Type: CONSTRAINT; Schema: public; Owner: mohamedali
--

ALTER TABLE ONLY public.auth_group
    ADD CONSTRAINT auth_group_name_key UNIQUE (name);


--
-- Name: auth_group_permissions auth_group_permissions_group_id_permission_id_0cd325b0_uniq; Type: CONSTRAINT; Schema: public; Owner: mohamedali
--

ALTER TABLE ONLY public.auth_group_permissions
    ADD CONSTRAINT auth_group_permissions_group_id_permission_id_0cd325b0_uniq UNIQUE (group_id, permission_id);


--
-- Name: auth_group_permissions auth_group_permissions_pkey; Type: CONSTRAINT; Schema: public; Owner: mohamedali
--

ALTER TABLE ONLY public.auth_group_permissions
    ADD CONSTRAINT auth_group_permissions_pkey PRIMARY KEY (id);


--
-- Name: auth_group auth_group_pkey; Type: CONSTRAINT; Schema: public; Owner: mohamedali
--

ALTER TABLE ONLY public.auth_group
    ADD CONSTRAINT auth_group_pkey PRIMARY KEY (id);


--
-- Name: auth_permission auth_permission_content_type_id_codename_01ab375a_uniq; Type: CONSTRAINT; Schema: public; Owner: mohamedali
--

ALTER TABLE ONLY public.auth_permission
    ADD CONSTRAINT auth_permission_content_type_id_codename_01ab375a_uniq UNIQUE (content_type_id, codename);


--
-- Name: auth_permission auth_permission_pkey; Type: CONSTRAINT; Schema: public; Owner: mohamedali
--

ALTER TABLE ONLY public.auth_permission
    ADD CONSTRAINT auth_permission_pkey PRIMARY KEY (id);


--
-- Name: auth_user_groups auth_user_groups_pkey; Type: CONSTRAINT; Schema: public; Owner: mohamedali
--

ALTER TABLE ONLY public.auth_user_groups
    ADD CONSTRAINT auth_user_groups_pkey PRIMARY KEY (id);


--
-- Name: auth_user_groups auth_user_groups_user_id_group_id_94350c0c_uniq; Type: CONSTRAINT; Schema: public; Owner: mohamedali
--

ALTER TABLE ONLY public.auth_user_groups
    ADD CONSTRAINT auth_user_groups_user_id_group_id_94350c0c_uniq UNIQUE (user_id, group_id);


--
-- Name: auth_user auth_user_pkey; Type: CONSTRAINT; Schema: public; Owner: mohamedali
--

ALTER TABLE ONLY public.auth_user
    ADD CONSTRAINT auth_user_pkey PRIMARY KEY (id);


--
-- Name: auth_user_user_permissions auth_user_user_permissions_pkey; Type: CONSTRAINT; Schema: public; Owner: mohamedali
--

ALTER TABLE ONLY public.auth_user_user_permissions
    ADD CONSTRAINT auth_user_user_permissions_pkey PRIMARY KEY (id);


--
-- Name: auth_user_user_permissions auth_user_user_permissions_user_id_permission_id_14a6b632_uniq; Type: CONSTRAINT; Schema: public; Owner: mohamedali
--

ALTER TABLE ONLY public.auth_user_user_permissions
    ADD CONSTRAINT auth_user_user_permissions_user_id_permission_id_14a6b632_uniq UNIQUE (user_id, permission_id);


--
-- Name: auth_user auth_user_username_key; Type: CONSTRAINT; Schema: public; Owner: mohamedali
--

ALTER TABLE ONLY public.auth_user
    ADD CONSTRAINT auth_user_username_key UNIQUE (username);


--
-- Name: django_admin_log django_admin_log_pkey; Type: CONSTRAINT; Schema: public; Owner: mohamedali
--

ALTER TABLE ONLY public.django_admin_log
    ADD CONSTRAINT django_admin_log_pkey PRIMARY KEY (id);


--
-- Name: django_content_type django_content_type_app_label_model_76bd3d3b_uniq; Type: CONSTRAINT; Schema: public; Owner: mohamedali
--

ALTER TABLE ONLY public.django_content_type
    ADD CONSTRAINT django_content_type_app_label_model_76bd3d3b_uniq UNIQUE (app_label, model);


--
-- Name: django_content_type django_content_type_pkey; Type: CONSTRAINT; Schema: public; Owner: mohamedali
--

ALTER TABLE ONLY public.django_content_type
    ADD CONSTRAINT django_content_type_pkey PRIMARY KEY (id);


--
-- Name: django_migrations django_migrations_pkey; Type: CONSTRAINT; Schema: public; Owner: mohamedali
--

ALTER TABLE ONLY public.django_migrations
    ADD CONSTRAINT django_migrations_pkey PRIMARY KEY (id);


--
-- Name: django_session django_session_pkey; Type: CONSTRAINT; Schema: public; Owner: mohamedali
--

ALTER TABLE ONLY public.django_session
    ADD CONSTRAINT django_session_pkey PRIMARY KEY (session_key);


--
-- Name: recipes_category recipes_category_pkey; Type: CONSTRAINT; Schema: public; Owner: mohamedali
--

ALTER TABLE ONLY public.recipes_category
    ADD CONSTRAINT recipes_category_pkey PRIMARY KEY (id);


--
-- Name: recipes_rating recipes_rating_pkey; Type: CONSTRAINT; Schema: public; Owner: mohamedali
--

ALTER TABLE ONLY public.recipes_rating
    ADD CONSTRAINT recipes_rating_pkey PRIMARY KEY (id);


--
-- Name: recipes_rating recipes_rating_user_id_recipe_id_1f05c235_uniq; Type: CONSTRAINT; Schema: public; Owner: mohamedali
--

ALTER TABLE ONLY public.recipes_rating
    ADD CONSTRAINT recipes_rating_user_id_recipe_id_1f05c235_uniq UNIQUE (user_id, recipe_id);


--
-- Name: recipes_recipe_favorites recipes_recipe_favorites_pkey; Type: CONSTRAINT; Schema: public; Owner: mohamedali
--

ALTER TABLE ONLY public.recipes_recipe_favorites
    ADD CONSTRAINT recipes_recipe_favorites_pkey PRIMARY KEY (id);


--
-- Name: recipes_recipe_favorites recipes_recipe_favorites_recipe_id_user_id_dcb2b0a3_uniq; Type: CONSTRAINT; Schema: public; Owner: mohamedali
--

ALTER TABLE ONLY public.recipes_recipe_favorites
    ADD CONSTRAINT recipes_recipe_favorites_recipe_id_user_id_dcb2b0a3_uniq UNIQUE (recipe_id, user_id);


--
-- Name: recipes_recipe recipes_recipe_pkey; Type: CONSTRAINT; Schema: public; Owner: mohamedali
--

ALTER TABLE ONLY public.recipes_recipe
    ADD CONSTRAINT recipes_recipe_pkey PRIMARY KEY (id);


--
-- Name: users_profile users_profile_pkey; Type: CONSTRAINT; Schema: public; Owner: mohamedali
--

ALTER TABLE ONLY public.users_profile
    ADD CONSTRAINT users_profile_pkey PRIMARY KEY (id);


--
-- Name: users_profile users_profile_user_id_key; Type: CONSTRAINT; Schema: public; Owner: mohamedali
--

ALTER TABLE ONLY public.users_profile
    ADD CONSTRAINT users_profile_user_id_key UNIQUE (user_id);


--
-- Name: auth_group_name_a6ea08ec_like; Type: INDEX; Schema: public; Owner: mohamedali
--

CREATE INDEX auth_group_name_a6ea08ec_like ON public.auth_group USING btree (name varchar_pattern_ops);


--
-- Name: auth_group_permissions_group_id_b120cbf9; Type: INDEX; Schema: public; Owner: mohamedali
--

CREATE INDEX auth_group_permissions_group_id_b120cbf9 ON public.auth_group_permissions USING btree (group_id);


--
-- Name: auth_group_permissions_permission_id_84c5c92e; Type: INDEX; Schema: public; Owner: mohamedali
--

CREATE INDEX auth_group_permissions_permission_id_84c5c92e ON public.auth_group_permissions USING btree (permission_id);


--
-- Name: auth_permission_content_type_id_2f476e4b; Type: INDEX; Schema: public; Owner: mohamedali
--

CREATE INDEX auth_permission_content_type_id_2f476e4b ON public.auth_permission USING btree (content_type_id);


--
-- Name: auth_user_groups_group_id_97559544; Type: INDEX; Schema: public; Owner: mohamedali
--

CREATE INDEX auth_user_groups_group_id_97559544 ON public.auth_user_groups USING btree (group_id);


--
-- Name: auth_user_groups_user_id_6a12ed8b; Type: INDEX; Schema: public; Owner: mohamedali
--

CREATE INDEX auth_user_groups_user_id_6a12ed8b ON public.auth_user_groups USING btree (user_id);


--
-- Name: auth_user_user_permissions_permission_id_1fbb5f2c; Type: INDEX; Schema: public; Owner: mohamedali
--

CREATE INDEX auth_user_user_permissions_permission_id_1fbb5f2c ON public.auth_user_user_permissions USING btree (permission_id);


--
-- Name: auth_user_user_permissions_user_id_a95ead1b; Type: INDEX; Schema: public; Owner: mohamedali
--

CREATE INDEX auth_user_user_permissions_user_id_a95ead1b ON public.auth_user_user_permissions USING btree (user_id);


--
-- Name: auth_user_username_6821ab7c_like; Type: INDEX; Schema: public; Owner: mohamedali
--

CREATE INDEX auth_user_username_6821ab7c_like ON public.auth_user USING btree (username varchar_pattern_ops);


--
-- Name: django_admin_log_content_type_id_c4bce8eb; Type: INDEX; Schema: public; Owner: mohamedali
--

CREATE INDEX django_admin_log_content_type_id_c4bce8eb ON public.django_admin_log USING btree (content_type_id);


--
-- Name: django_admin_log_user_id_c564eba6; Type: INDEX; Schema: public; Owner: mohamedali
--

CREATE INDEX django_admin_log_user_id_c564eba6 ON public.django_admin_log USING btree (user_id);


--
-- Name: django_session_expire_date_a5c62663; Type: INDEX; Schema: public; Owner: mohamedali
--

CREATE INDEX django_session_expire_date_a5c62663 ON public.django_session USING btree (expire_date);


--
-- Name: django_session_session_key_c0390e0f_like; Type: INDEX; Schema: public; Owner: mohamedali
--

CREATE INDEX django_session_session_key_c0390e0f_like ON public.django_session USING btree (session_key varchar_pattern_ops);


--
-- Name: recipes_rating_recipe_id_f4d760b9; Type: INDEX; Schema: public; Owner: mohamedali
--

CREATE INDEX recipes_rating_recipe_id_f4d760b9 ON public.recipes_rating USING btree (recipe_id);


--
-- Name: recipes_rating_user_id_508a5e61; Type: INDEX; Schema: public; Owner: mohamedali
--

CREATE INDEX recipes_rating_user_id_508a5e61 ON public.recipes_rating USING btree (user_id);


--
-- Name: recipes_recipe_category_id_6d665355; Type: INDEX; Schema: public; Owner: mohamedali
--

CREATE INDEX recipes_recipe_category_id_6d665355 ON public.recipes_recipe USING btree (category_id);


--
-- Name: recipes_recipe_creator_id_2f24f6bf; Type: INDEX; Schema: public; Owner: mohamedali
--

CREATE INDEX recipes_recipe_creator_id_2f24f6bf ON public.recipes_recipe USING btree (creator_id);


--
-- Name: recipes_recipe_favorites_recipe_id_ca2e40df; Type: INDEX; Schema: public; Owner: mohamedali
--

CREATE INDEX recipes_recipe_favorites_recipe_id_ca2e40df ON public.recipes_recipe_favorites USING btree (recipe_id);


--
-- Name: recipes_recipe_favorites_user_id_f96ae95a; Type: INDEX; Schema: public; Owner: mohamedali
--

CREATE INDEX recipes_recipe_favorites_user_id_f96ae95a ON public.recipes_recipe_favorites USING btree (user_id);


--
-- Name: auth_group_permissions auth_group_permissio_permission_id_84c5c92e_fk_auth_perm; Type: FK CONSTRAINT; Schema: public; Owner: mohamedali
--

ALTER TABLE ONLY public.auth_group_permissions
    ADD CONSTRAINT auth_group_permissio_permission_id_84c5c92e_fk_auth_perm FOREIGN KEY (permission_id) REFERENCES public.auth_permission(id) DEFERRABLE INITIALLY DEFERRED;


--
-- Name: auth_group_permissions auth_group_permissions_group_id_b120cbf9_fk_auth_group_id; Type: FK CONSTRAINT; Schema: public; Owner: mohamedali
--

ALTER TABLE ONLY public.auth_group_permissions
    ADD CONSTRAINT auth_group_permissions_group_id_b120cbf9_fk_auth_group_id FOREIGN KEY (group_id) REFERENCES public.auth_group(id) DEFERRABLE INITIALLY DEFERRED;


--
-- Name: auth_permission auth_permission_content_type_id_2f476e4b_fk_django_co; Type: FK CONSTRAINT; Schema: public; Owner: mohamedali
--

ALTER TABLE ONLY public.auth_permission
    ADD CONSTRAINT auth_permission_content_type_id_2f476e4b_fk_django_co FOREIGN KEY (content_type_id) REFERENCES public.django_content_type(id) DEFERRABLE INITIALLY DEFERRED;


--
-- Name: auth_user_groups auth_user_groups_group_id_97559544_fk_auth_group_id; Type: FK CONSTRAINT; Schema: public; Owner: mohamedali
--

ALTER TABLE ONLY public.auth_user_groups
    ADD CONSTRAINT auth_user_groups_group_id_97559544_fk_auth_group_id FOREIGN KEY (group_id) REFERENCES public.auth_group(id) DEFERRABLE INITIALLY DEFERRED;


--
-- Name: auth_user_groups auth_user_groups_user_id_6a12ed8b_fk_auth_user_id; Type: FK CONSTRAINT; Schema: public; Owner: mohamedali
--

ALTER TABLE ONLY public.auth_user_groups
    ADD CONSTRAINT auth_user_groups_user_id_6a12ed8b_fk_auth_user_id FOREIGN KEY (user_id) REFERENCES public.auth_user(id) DEFERRABLE INITIALLY DEFERRED;


--
-- Name: auth_user_user_permissions auth_user_user_permi_permission_id_1fbb5f2c_fk_auth_perm; Type: FK CONSTRAINT; Schema: public; Owner: mohamedali
--

ALTER TABLE ONLY public.auth_user_user_permissions
    ADD CONSTRAINT auth_user_user_permi_permission_id_1fbb5f2c_fk_auth_perm FOREIGN KEY (permission_id) REFERENCES public.auth_permission(id) DEFERRABLE INITIALLY DEFERRED;


--
-- Name: auth_user_user_permissions auth_user_user_permissions_user_id_a95ead1b_fk_auth_user_id; Type: FK CONSTRAINT; Schema: public; Owner: mohamedali
--

ALTER TABLE ONLY public.auth_user_user_permissions
    ADD CONSTRAINT auth_user_user_permissions_user_id_a95ead1b_fk_auth_user_id FOREIGN KEY (user_id) REFERENCES public.auth_user(id) DEFERRABLE INITIALLY DEFERRED;


--
-- Name: django_admin_log django_admin_log_content_type_id_c4bce8eb_fk_django_co; Type: FK CONSTRAINT; Schema: public; Owner: mohamedali
--

ALTER TABLE ONLY public.django_admin_log
    ADD CONSTRAINT django_admin_log_content_type_id_c4bce8eb_fk_django_co FOREIGN KEY (content_type_id) REFERENCES public.django_content_type(id) DEFERRABLE INITIALLY DEFERRED;


--
-- Name: django_admin_log django_admin_log_user_id_c564eba6_fk_auth_user_id; Type: FK CONSTRAINT; Schema: public; Owner: mohamedali
--

ALTER TABLE ONLY public.django_admin_log
    ADD CONSTRAINT django_admin_log_user_id_c564eba6_fk_auth_user_id FOREIGN KEY (user_id) REFERENCES public.auth_user(id) DEFERRABLE INITIALLY DEFERRED;


--
-- Name: recipes_rating recipes_rating_recipe_id_f4d760b9_fk_recipes_recipe_id; Type: FK CONSTRAINT; Schema: public; Owner: mohamedali
--

ALTER TABLE ONLY public.recipes_rating
    ADD CONSTRAINT recipes_rating_recipe_id_f4d760b9_fk_recipes_recipe_id FOREIGN KEY (recipe_id) REFERENCES public.recipes_recipe(id) DEFERRABLE INITIALLY DEFERRED;


--
-- Name: recipes_rating recipes_rating_user_id_508a5e61_fk_auth_user_id; Type: FK CONSTRAINT; Schema: public; Owner: mohamedali
--

ALTER TABLE ONLY public.recipes_rating
    ADD CONSTRAINT recipes_rating_user_id_508a5e61_fk_auth_user_id FOREIGN KEY (user_id) REFERENCES public.auth_user(id) DEFERRABLE INITIALLY DEFERRED;


--
-- Name: recipes_recipe recipes_recipe_category_id_6d665355_fk_recipes_category_id; Type: FK CONSTRAINT; Schema: public; Owner: mohamedali
--

ALTER TABLE ONLY public.recipes_recipe
    ADD CONSTRAINT recipes_recipe_category_id_6d665355_fk_recipes_category_id FOREIGN KEY (category_id) REFERENCES public.recipes_category(id) DEFERRABLE INITIALLY DEFERRED;


--
-- Name: recipes_recipe recipes_recipe_creator_id_2f24f6bf_fk_auth_user_id; Type: FK CONSTRAINT; Schema: public; Owner: mohamedali
--

ALTER TABLE ONLY public.recipes_recipe
    ADD CONSTRAINT recipes_recipe_creator_id_2f24f6bf_fk_auth_user_id FOREIGN KEY (creator_id) REFERENCES public.auth_user(id) DEFERRABLE INITIALLY DEFERRED;


--
-- Name: recipes_recipe_favorites recipes_recipe_favor_recipe_id_ca2e40df_fk_recipes_r; Type: FK CONSTRAINT; Schema: public; Owner: mohamedali
--

ALTER TABLE ONLY public.recipes_recipe_favorites
    ADD CONSTRAINT recipes_recipe_favor_recipe_id_ca2e40df_fk_recipes_r FOREIGN KEY (recipe_id) REFERENCES public.recipes_recipe(id) DEFERRABLE INITIALLY DEFERRED;


--
-- Name: recipes_recipe_favorites recipes_recipe_favorites_user_id_f96ae95a_fk_auth_user_id; Type: FK CONSTRAINT; Schema: public; Owner: mohamedali
--

ALTER TABLE ONLY public.recipes_recipe_favorites
    ADD CONSTRAINT recipes_recipe_favorites_user_id_f96ae95a_fk_auth_user_id FOREIGN KEY (user_id) REFERENCES public.auth_user(id) DEFERRABLE INITIALLY DEFERRED;


--
-- Name: users_profile users_profile_user_id_2112e78d_fk_auth_user_id; Type: FK CONSTRAINT; Schema: public; Owner: mohamedali
--

ALTER TABLE ONLY public.users_profile
    ADD CONSTRAINT users_profile_user_id_2112e78d_fk_auth_user_id FOREIGN KEY (user_id) REFERENCES public.auth_user(id) DEFERRABLE INITIALLY DEFERRED;


--
-- PostgreSQL database dump complete
--

